,id,title,authors,words,rating,category,fandoms,warnings,relationships,characters,additional_tags,summary,language,chapters,comments,kudos,bookmarks,hits,last_visited,last_updated,published
0,25147690,Sing Me Awake,['ShippersList'],6505,Teen And Up Audiences,['M/M'],"['The Witcher (TV)', 'Wiedźmin | The Witcher - All Media Types']",['No Archive Warnings Apply'],['Geralt z Rivii | Geralt of Rivia/Jaskier | Dandelion'],"['Jaskier | Dandelion', 'Geralt z Rivii | Geralt of Rivia', 'Original Witcher Character(s)', 'Yennefer z Vengerbergu | Yennefer of Vengerberg', 'Cirilla Fiona Elen Riannon']","['Alternate Universe - Canon Divergence', 'Alternate Universe - Daemons', 'POV Jaskier | Dandelion', 'Emotional Hurt/Comfort', 'Jaskier | Dandelion Whump', 'Emotionally Constipated Geralt z Rivii | Geralt of Rivia', 'Angst with a Happy Ending', 'Angst and Feels', 'Depression', 'Character Study', 'Stream of Consciousness']","<p>Witchers don’t have daemons, that’s why they don’t feel.</p><p>…it’s not exactly true.</p>",English,?,3,96,11,367,2020-07-10,,
1,634290,A Shot in the Dark,['Silver_pup'],213188,Teen And Up Audiences,['M/M'],"['The Hobbit (2012)', 'The Hobbit - J. R. R. Tolkien', 'The Hobbit - All Media Types']",['No Archive Warnings Apply'],"['Bilbo Baggins/Thorin Oakenshield', 'Glóin/Canonical Wife', 'Bard of Laketown/Canonical Wife', 'Dís/Canonical Husband']","['Bilbo Baggins', 'Thorin Oakenshield', 'Gandalf', 'Fíli', 'Kíli', 'Balin', 'Dwalin', 'Dori', 'Nori', 'Ori - Character', 'Bofur', 'Bifur', 'Bombur', 'Glóin', 'Óin', 'Beorn', 'Tauriel', 'Bard of Laketown', 'Dáin Ironfoot', 'Dís', 'Thranduil', 'Legolas Greenleaf']","['Time Travel', 'Fix-It', 'Alternate Universe', 'Possessive Dwarves', 'BAMF!Bilbo', 'BAMF!Dwarves', 'bagginshield', 'Bilbo is determined to save everyone', ""Thorin's awkward flirting"", 'Bilbo is a space cadet', 'The Company is so done with this shit', 'Bard & Bilbo are total bros', 'Beorn is adorkable', 'Tauriel is not buying your bullshit Bilbo', 'Dain is judging you all', 'Fluff', 'Bromance', 'Male-Female Friendship', 'Male Friendship', 'Friends to Lovers', 'Eventual Happy Ending', 'Slow Build', 'Slow Burn', 'Feels', 'Abuse Of Feels']","<p>When he opens his eyes again, he finds himself in his old bed in his old home in his old body. Is this death? Or a trick of magic? Either way, Bilbo recognizes a second chance when he sees one, and this time his adventure with Thorin is going to go a bit differently.</p>",English,?,4726,14474,4770,465441,2020-07-10,,
2,1669439,Brooklyn,['togina'],8749,Teen And Up Audiences,['M/M'],"['Captain America (Movies)', 'Captain America - All Media Types']",['No Archive Warnings Apply'],"['James ""Bucky"" Barnes/Steve Rogers']","['Steve Rogers', 'James ""Bucky"" Barnes', 'Tony Stark', 'Natasha Romanov', 'Sam Wilson (Marvel)', 'Other Avengers']","['Angst', 'Followed by Schmoop']","<p>""Captain America, what's your stance on gay marriage?""</p><p>Everyone knows that, by now. Everyone but Bucky.</p><p>(2015: Chinese translation available!)</p>",English,?,686,14508,3676,184405,2020-07-10,,
3,25175017,"well, isn't it delicious (crazy way that i'm kissin')",['champcgne'],2504,Teen And Up Audiences,['M/M'],['富豪刑事 Balance:UNLIMITED | Fugou Keiji: Balance:Unlimited (Anime)'],['No Archive Warnings Apply'],['Kambe Daisuke/Katou Haru'],[],"['Pre-Relationship', 'Romantic Friendship', 'Sexual Tension']","<p></p><blockquote>
<p>kamei, yumoto, and saeki are on the lookout for undebatable proof that daisuke and haru are more than just ‘friends’ – naturally, matching swollen lips are as good as spoken confession.</p>
</blockquote><p>5 times daisuke and haru almost kiss</p><p>+</p><p>1 time they do.</p>",English,?,12,85,3,590,2020-07-09,,
4,3100202,You Made Me Marry Kreacher,['iamisaac'],3348,Explicit,['M/M'],['Harry Potter - J. K. Rowling'],['see pairings'],"['Ron/Kreacher', 'Ron/Harry', 'Harry Potter/Ron Weasley']","['Ginny Weasley', 'Ron Weasley', 'Harry Potter']","['mock marriage', 'Mildly Dubious Consent', 'Anal Sex', 'Eventual Fluff', 'Mistaken Identity']",none,English,?,1,49,2,1571,2020-07-09,,
5,25174567,headed straight for the castle,['wynnebat'],4474,Teen And Up Audiences,['M/M'],"['Harry Potter - J. K. Rowling', 'Marvel Cinematic Universe']",['No Archive Warnings Apply'],['Loki (Marvel)/Harry Potter'],"['Loki (Marvel)', 'Harry Potter']","['Crossover', 'Post-Thor (2011)', 'Suicide Attempt', 'Alternate Universe']","<p>“I am Loki,” he says in reply. He doesn’t continue. He is not of Asgard when he has forsaken it, he cannot claim to be an Odinson when it was never true. He certainly cannot claim to be a Laufeyson after killing his true father in cold blood. Loki is the only name he has. </p><p>“I know,” is Harry’s reply. </p><p>“How could you possibly know?” </p><p>Harry shrugs. “I tend to know things. Perk of the job.”</p><p>“And what is your job?”</p><p>Harry turns to him, green eyes light. “Keeper of the keys.”</p>",English,?,24,341,68,1174,2020-07-09,,
6,14450364,【忘羡】来呀相互伤害呀（全文＋番外）,['kehsin384'],126143,Teen And Up Audiences,['M/M'],['魔道祖师 - 墨香铜臭 | Módào Zǔshī - Mòxiāng Tóngxiù'],['Choose Not To Use Archive Warnings'],"['蓝忘机/魏无羡', '蓝湛/魏婴']",[],[],none,中文,?,33,16244,59,1457637,2020-07-09,,
7,7841764,"call me, beep me",['orphan_account'],85591,General Audiences,['M/M'],['Voltron: Legendary Defender'],"['Choose Not To Use Archive Warnings', 'No Archive Warnings Apply']","['Keith/Lance (Voltron)', 'Hunk & Lance (Voltron)', 'Keith & Pidge | Katie Holt', 'Keith & Shiro (Voltron)']","['Keith (Voltron)', 'Lance (Voltron)', 'Hunk (Voltron)', 'Pidge (Voltron)', 'Shiro (Voltron)']","['Alternate Universe - Modern Setting', 'Wrong Number AU', 'Texting', 'Minor - Shallura']","<p></p><blockquote>
<p>(00:31) Do you think she gave me the wrong number on purpose?<br/>(00:31) Or was it a genuine mistake?<br/>(00:32) Like maybe she writes funny and I misread it?<br/>(00:32) Some of the numbers do look a little dodgy...<br/>(00:33) Cause, you know, her threes <i>could</i> very easily be poorly formed eights? And maybe she writes her sevens like her ones?<br/><i>(00:45) What</i><br/><i>(00:46) The</i><br/><i>(00:46) Fuck???<i></i></i><br/>(00:47) Oh good, you <i>are</i> awake!<br/></p>
</blockquote><br/>where lance messages the wrong number and things kind of snowball from there",English,?,4168,36708,7144,499832,2020-07-09,,
8,492796,Integral to Survival,['asocialfauxpas (fuzzytomato)'],8529,Mature,['M/M'],['Teen Wolf (TV)'],['No Archive Warnings Apply'],['Derek Hale/Stiles Stilinski'],"['Derek Hale', 'Stiles Stilinski', 'Scott McCall', 'Isaac Lahey', 'Sheriff Stilinski', 'Chris Argent']","['Hurt/Comfort', 'Implied Torture', 'Kidnapping']","<p>Derek is in the cell for about ten minutes before the lone door opens and a new body is tossed in. The person hits the floor with a grunt, rolls, and stands as the door is clanging shut. </p><p>“That’s really not the way to treat a guest!”</p>",English,?,552,18801,5111,319425,2020-07-09,,
9,13934538,The Darker Sides of Deku,"['New_Prussia', 'OnlyRoomForHope', 'serenawitchwriter', 'ViperFang']",137425,General Audiences,['Gen'],['僕のヒーローアカデミア | Boku no Hero Academia | My Hero Academia'],['Choose Not To Use Archive Warnings'],[],"['Midoriya Izuku', 'Aizawa Shouta | Eraserhead', 'Bakugou Katsuki', 'Uraraka Ochako', 'Iida Tenya', 'Shuuzenji Chiyo | Recovery Girl', 'Yagi Toshinori | All Might', 'Shinsou Hitoshi', 'just the entire cast', 'Todoroki Shouto', 'Kouda Kouji', 'Midoriya Inko', 'Midoriya Hisashi', 'Amajiki Tamaki']","['Swearing', 'some violence', 'dark deku', 'Angst', 'Psychology', 'nedzu is a dangerous mouse bear thing', 'aizawa needs a vacation', 'Comedy', 'Friendship', 'Deku might need therapy', 'Drabble Collection', 'kind of', 'Depressed Midoriya Izuku', 'Iida needs an aspirin', 'Anxiety', 'Panic Attacks', 'Torture', 'Bakugou Katsuki Swears A Lot', 'tensei also needs an aspirin', ""midoriya is slowly killing the iida's"", 'kouda gets his own tag because he needs more fics', 'Post-Traumatic Stress Disorder - PTSD', 'Bullying', 'Muteness', 'BAMF Midoriya Inko', 'BAMF Midoriya Izuku', ""Don't Mess With This Family"", 'midoriya hisashi is a punk ass bitch', 'Fandom', 'Fandom Culture', 'Violence', 'stain what are you even doing', 'Concern', 'BAMF Uraraka Ochako', 'Murder', 'Child Death', 'Graphic Description of Corpses', 'Bodyswap', 'One Shot Collection', 'Character Development', ""bakugou get's punched in the face"", 'Feelings', 'dadmight', 'Family', 'actual honest to god character development', 'Midoriya Izuku is a villain magnet', 'Dabi is a Todoroki', 'Social Anxiety', 'amijaki is a good boy', 'some wholesome content', 'Nightmares', 'Soft Boys', ""kaminari's quirk isn't good for him"", 'Kaminari Denki Has ADHD', 'Trans Ashido Mina']",<p>It’s easy to forget with his bright smiles and positive personality that Midoriya Izuku isn’t the living embodiment of sunshine.<br/>Or: Moments when class 1-A and company notice that Izuku isn’t quite as pure as they think he is.</p>,English,?,3961,15049,3213,269865,2020-07-09,,
10,23554714,One Hundred Drabbles,['meditationsinemergencies'],53498,Explicit,"['F/M', 'F/F', 'M/M']",['Harry Potter - J. K. Rowling'],['No Archive Warnings Apply'],"['Hermione Granger/Draco Malfoy', 'Pansy Parkinson/Ron Weasley', 'Severus Snape/Nymphadora Tonks', 'Arthur Weasley/Molly Weasley', 'Severus Snape/Sybill Trelawney', 'Hermione Granger/Viktor Krum', 'Hermione Granger/Severus Snape', 'Hermione Granger/Ron Weasley', 'Hermione Granger/Pansy Parkinson', 'Remus Lupin/Nymphadora Tonks', 'Sirius Black/Hermione Granger', 'Hermione Granger/Remus Lupin', 'Harry Potter/Nymphadora Tonks', 'Draco Malfoy/Harry Potter', 'Nymphadora Tonks/Charlie Weasley', 'Fleur Delacour/Nymphadora Tonks', 'Hermione Granger/Fred Weasley', 'Narcissa Black Malfoy/Severus Snape', 'Pansy Parkinson/Harry Potter', 'Luna Lovegood/Draco Malfoy', 'Sirius Black/Remus Lupin', 'Luna Lovegood/Harry Potter', 'Seamus Finnigan/Dean Thomas', 'Hermione Granger/Harry Potter', 'Luna Lovegood/Ginny Weasley', 'Harry Potter/Ginny Weasley', 'Narcissa Black Malfoy/Bill Weasley', 'Pansy Parkinson/Nymphadora Tonks', 'Severus Snape/Molly Weasley']",[],"['Vaginal Fingering', 'hands jobs', 'the perfect date', 'some Modern AUs', 'Some Modern Muggle AUs', 'dildo', 'strap on', 'Open Marriage', 'reference to infertility', 'reference to miscarriages', 'vaginal intercourse', 'Lucius bashing', 'Pre-Relationship', 'Oral Sex']",<p>One various Harry Potter drabble each day for one hundred days.</p>,English,?,303,290,9,20208,2020-07-08,,
11,591013,Recuerdos,['Nande_chan'],100,General Audiences,['Gen'],['Harry Potter - J. K. Rowling'],['No Archive Warnings Apply'],[],['Fenrir Greyback'],['Character Study'],none,Español,?,0,0,0,110,2020-07-08,,
12,24081415,Of Above and Below: The comic,['BurningSlowly'],0,General Audiences,['M/M'],['Fantastic Beasts and Where to Find Them (Movies)'],['No Archive Warnings Apply'],"['Original Percival Graves/Newt Scamander', 'Leta Lestrange/Theseus Scamander']","['Original Percival Graves', 'Newt Scamander', 'Leta Lestrange', 'Theseus Scamander', 'Tina Goldstein', 'Queenie Goldstein', 'Seraphina Picquery']","['non wizard au', 'greek mythology influence', 'Underworld', 'realms of the underworld']",<p>Centuries had passed since Percival was set in charge of the Underworld. All things had gone as they should until a prophecy leads him to meet a man from the world above.</p>,English,?,0,5,0,502,2020-07-08,,
13,21116591,Salvage,['MuffinLance'],53997,Teen And Up Audiences,['Gen'],['Avatar: The Last Airbender'],['Choose Not To Use Archive Warnings'],"['Hakoda & Zuko (Avatar)', 'Zuko & The Southern Water Tribe', 'Zuko & Responsible Adult Role Models']","['Zuko (Avatar)', 'Hakoda (Avatar)', 'Bato (Avatar)']","['Hakoda just wants to talk terms', 'Ozai just wants a convenient barbarian to off his son in a politically expedient manner', 'they are having a MINOR DISAGREEMENT on fatherhood', 'Zuko is an Awkward Turtleduck', 'who is very angry about being kept away from Avatar-hunting', 'and also mildly concerned that someone is going to kill him in his sleep', 'which is not stopping him from actively aggravating the enemy crew', 'like a really growly puppy-kitten with a history of abuse', 'let there be BONDING', 'Hakuddles', 'Hurt/Comfort', 'Slowburn Adoption', 'dadkoda', 'Angst/Angst Aftercare']","<p>Mid-Season-One Zuko is held ransom by Chief Hakoda. Ozai's replies to the Water Tribe's demands are A+ Parenting. Hakoda is… deeply concerned, for this son that isn't his, and who might be safer among enemies than with his own father.</p>",English,?,3342,14796,4996,150276,2020-07-08,,
14,15153092,All You Want,['SenLinYu'],172651,Explicit,['F/M'],['Harry Potter - J. K. Rowling'],['Choose Not To Use Archive Warnings'],['Hermione Granger/Draco Malfoy'],"['Hermione Granger', 'Ginny Weasley', 'Draco Malfoy', 'Daphne Greengrass', 'Astoria Greengrass', 'Neville Longbottom', 'Theodore Nott', 'Anthony Goldstein', 'Minerva McGonagall', 'Pansy Parkinson']","['Hogwarts Eighth Year', 'Hogwarts Era', 'Post-Battle of Hogwarts', 'Post-War', 'Alternate Universe - Canon Divergence', 'Canon Compliant', 'Not Epilogue Compliant', 'Harry Potter Epilogue What Epilogue | EWE', 'Alpha/Beta/Omega Dynamics', 'Alpha/Omega', 'Alpha Draco Malfoy', 'Omega Hermione Granger', 'Mating Cycles/In Heat', 'Dominance', 'Submission', 'Knotting', 'Courtship', 'Scenting', 'Explicit Sexual Content', 'Porn With Plot', 'Hurt/Comfort', 'Omega Verse', 'Possessive Behavior', 'Attempted Sexual Assault', 'Not By Draco', 'Implied/Referenced Sexual Assault', 'Protective Draco Malfoy', 'Possessive Draco Malfoy', 'Miscommunication']","<p>Eighth Year at Hogwarts was supposed to be Hermione’s. And it is, just not in the way she expects. Omegaverse fic.</p>",English,?,4772,15252,3037,341171,2020-07-08,,
15,8909155,Lumos,['birdsofshore'],41476,Explicit,['M/M'],['Harry Potter - J. K. Rowling'],['Choose Not To Use Archive Warnings'],['Draco Malfoy/Harry Potter'],"['Harry Potter', 'Draco Malfoy', 'Ron Weasley', 'Hermione Granger', 'Theodore Nott']","['Hogwarts Eighth Year', 'Room-sharing', 'wanking', 'Voyeurism', 'Frottage', 'Really so much wanking', 'Intercrural Sex', 'kissing in corridors', 'inter-house fraternisation', 'Wandless Magic', 'A little angst', 'some h/c', 'Magical Injury', 'Pining', 'Jealousy', 'Enemies to Lovers', 'Desperation', 'Inexperience', 'Premature Ejaculation', 'First Times', 'the sexual appetites of teenagers', 'Community: hd_erised']",<p>Harry never expected to spend eighth year listening to Draco Malfoy wanking.</p>,English,?,835,15248,3587,238307,2020-07-08,,
16,674841,RAVISHING. 12-btvs-ats-ucsl,['iskierka'],564,Not Rated,['Other'],"['Angel The Series', 'Buffy the Vampire Slayer']",['Choose Not To Use Archive Warnings'],[],[],[],none,English,?,0,0,0,56,2020-07-08,,
17,11862753,Dark Origins,['Indee'],59743,Teen And Up Audiences,['Gen'],['Be More Chill - Iconis/Tracz'],['Graphic Depictions Of Violence'],"['Jeremy Heere/Michael Mell', 'Jake Dillinger/Rich Goranski', 'Brooke Lohst/Chloe Valentine']","['The Squip (Be More Chill)', 'Jeremy Heere', 'Michael Mell', 'Brooke Lohst', 'Chloe Valentine', 'Jenna Rolan', 'Christine Canigula', 'Mr. Heere', 'Background OCs', '(Technically the Squip becomes an OC Because this is a backstory fic)']","['Past Torture', 'Past Brainwashing', 'Nightmares', 'Serious Injuries', 'Blood and Injury', 'Injury Recovery', ""It's Not Paranoia If They're Really Out To Get You"", ""This isn't as bad as it looks I swear"", 'Fluff', 'Redemption', 'Forgiveness', ""Cuz I'm a sucker for villians thats why"", 'Hurt/Comfort', 'Angst with a Happy Ending', 'Repressed Memories', 'High School', 'On Hiatus', 'Will Possibly Return In 2019 But No Promises']","<p>Squips are a mystery. Their presence online is next-to-nothing, they can only be purchased in shady places like the back of a Payless Shoes, and even their real origins are unknown.<br/>Jeremy Heere was fine, perfectly fine, not knowing where Squips came from. He was content with his being gone and that being the end of the story. Except it isn't, and Jeremy is about to find out the very dark origins of a certain supposed-to-be dead supercomputer.</p><p>(Update schedule is currently up in the air, may update every week eventually.)</p>",English,?,670,438,39,6400,2020-07-08,,
18,25067902,Meant to Break the Laws of Gravity Too,['BetsyByron'],36747,General Audiences,['No category'],['Harry Potter - J. K. Rowling'],['Choose Not To Use Archive Warnings'],['Draco Malfoy/Harry Potter'],"['Harry Potter', 'Draco Malfoy', 'Hermione Granger', 'Ron Weasley', 'Dudley Dursley', 'Petunia Evans Dursley', 'Narcissa Black Malfoy', 'Severus Snape', 'Albus Dumbledore', 'Fred Weasley', 'George Weasley', 'Neville Longbottom', 'Anthony Goldstein', 'Rolf Scamander', 'Oliver Wood', 'Marcus Flint', 'Rubeus Hagrid', 'Quirinus Quirrell']","['Alternate Universe - Canon Divergence', 'Friendship', 'Good Petunia Dursley', 'Nice Petunia Dursley', 'Good Dudley Dursley', 'Minor Character Death', ""Book 1: Harry Potter and the Philosopher's Stone"", 'Bullying', 'Magic', 'Mischief', 'Sassy Harry Potter', 'Plot Twists', 'Canon Rewrite', 'Rewrite', 'Fluff', 'Pre-Slash']","<p>Do you ever feel like you want to read Harry Potter for the first time again? This fic’s for you! </p><p>What if losing someone added something to your life instead? What could Harry’s childhood have been like if Vernon Dursley hadn’t been in it? How could Draco’s have turned up if he hadn’t grown up in Lucius Malfoy’s shadow?</p><p>Canon-divergent rewrite of the books, based on how the absence of these two minor, but nevertheless key characters would change things, with OTPs and other liberties taken.</p>",English,?,21,52,9,697,2020-07-08,,
19,1148039,No Homo,['orphan_account'],84092,Explicit,['Multi'],['Teen Wolf (TV)'],['No Archive Warnings Apply'],['Derek Hale/Stiles Stilinski'],"['Stiles Stilinski', 'Scott McCall', 'Derek Hale', 'Danny Mahealani', 'Jackson Whittemore', 'Lydia Martin', 'Allison Argent', 'Erica Reyes', 'Cora Hale', 'Kira Yukimura', 'Isaac Lahey', 'Vernon Boyd']","['Alternate Universe - Fraternity', 'Internalized Homophobia', 'Porn Watching', 'Underage Drinking', 'Marijuana', 'Alcohol', 'Friends With Benefits', 'Drunk Sex', 'Masturbation', 'Australia', 'Dubious Consent', 'Objectification', 'Hand Jobs', 'too much Lonely Island in my life i guess', 'Alive Hale Family', 'Alternate Universe - Human', 'Vomiting', 'Hangover', 'Partying', 'Shotgunning', 'Frottage', 'Anal Fingering', 'Dry Humping', 'Semi-Public Sex', 'Voyeurism', 'Exhibitionism', 'Dick Pics', 'Sexting', 'Video Cameras', 'Autofellatio', 'Blow Jobs', 'Intercrural Sex', 'Somnophilia', 'Transphobia', 'Transmisogyny', 'Rimming', 'Dildos', 'Bottom Derek', 'Pining', 'Switching', 'Anal Sex', 'Power Bottom Derek', 'aka my religion', 'Safer Sex', 'Unsafe Sex', 'Barebacking', 'Declarations Of Love', 'publicly though', 'Stiles Has Panic Attacks']","<p>Stiles' sophomore year starts something like this:<br/>3 FourLokos<br/>+ 1 peer-pressuring cat<br/>- 1 best bro to end all best bros<br/>= 1 Craigslist ad headline that reads ""str8 dude - m4m - strictly platonic"".<br/>Derek is the fool who replies.</p>",English,?,1938,15477,5669,437692,2020-07-08,,
20,838537,Young & Beautiful,['Velvetoscar'],227417,Mature,['M/M'],['One Direction (Band)'],['No Archive Warnings Apply'],"['Harry Styles/Louis Tomlinson', 'Zayn Malik/Liam Payne']","['Louis Tomlinson', 'Harry Styles', 'Niall Horan', 'Zayn Malik', 'Liam Payne', 'OC - Character']",['AU'],"<p>Louis, to his horror, attends an elitist university in which the name Zayn Malik means something, Niall Horan doesn't stop talking, there are pianos everywhere, and Harry Styles, only son of a drug-addled, clinically insane ex-rocker, has a perfect smile and empty eyes.</p>",English,?,3054,15919,6631,684467,2020-07-08,,
21,11794173,I Am Damaged,['Raging_Celiac'],79042,Teen And Up Audiences,['F/M'],"['Be More Chill - Iconis/Tracz', ""Heathers: The Musical - Murphy & O'Keefe""]",['Choose Not To Use Archive Warnings'],"['Other Relationship Tags to Be Added', 'Post-Squip - Relationship', 'Jason ""J.D."" Dean/Veronica Sawyer (minorly)', 'Jason ""J.D."" Dean & Jeremy Heere', 'AU where eveyrbody hated Jeremy after BMC']","['Jeremy Heere', 'Jason ""J. D."" Dean', 'Other Character Tags to Be Added', 'Heather Chandler (Heathers)']","['Fluff and Angst', 'Psychological Drama', 'Teenage Drama', 'Other Additional Tags to Be Added']","<p>Jeremy Heere is trying to put the events of his junior year behind him when his father's company moves to Sherwood, Ohio and he's forced to move away from his only friend, Michael Mell. Through his haze of angst, the one positive Jeremy can find is that there's no-one at this school who could know what he pulled back at Middleborough, so he won't be treated as badly, he hopes. I can deal with the bullies, he tells himself. Of course, things go awry when he manages to simultaneously gain the interest of the local emo kid and his new school's demon queen in his first week. The series of events that unfolds next is as improbable to Jeremy as it is shocking, but hey - since when was life not a complicated mess?</p>",English,?,65,229,26,2170,2020-07-08,,
22,11974779,would it be a sin,['pondify'],4797,Explicit,['F/F'],['Be More Chill - Iconis/Tracz'],['Underage'],"['Brooke Lohst/Chloe Valentine', 'Minor or Background Relationship(s)', 'Jeremy Heere/Michael Mell']","['Brooke Lohst', 'Chloe Valentine', 'Jeremy Heere', 'Michael Mell', 'Rich Goranski']","['Porn with Feelings', 'Phone Sex', ""Page 80 But It's Pinkberry"", 'Gay Awakening', 'Mutual Pining']","<p>Later, Brooke will swear that it’s all Jeremy’s fault.<br/>---<br/>Page 80 fic, but it's Pinkberry.</p>",English,?,30,370,22,4518,2020-07-08,,
23,10272047,The Witch Girl Tale,['WilyMech'],2002,Not Rated,['Other'],['Harry Potter - J. K. Rowling'],"['Choose Not To Use Archive Warnings', 'No Archive Warnings Apply']",[],"['Trixie Clarkson (OC)', 'James Townsend (OC)', 'Rose Beacon (OC)', 'Sam Shriver (OC)', 'Alex Townsend (OC)', 'Iris Clarkson (OC)', 'Thomas Clarkson (OC)', 'Irene Clarks (OC)']","['Ilvermony', 'American Potter story', 'Mystery', 'Not Beta Read']","<p>This story is based off the school for Witch Craft and Wizardry in North America.  Ilvermorny School of Witch Craft and Wizardry.   The Muggles in this story are accepting of magic but that is unusual and not the norm.   Trixie is adopted but she is also a pureblood witch her special ability to see what is unseen that normal witches, wizards and non-magical can not detect.   Magic Glow is determines how strong the thing is magical.</p>",English,?,0,1,0,37,2020-07-08,,
24,771875,Love Runs Wild,['DevilDoll'],9494,Explicit,['M/M'],['Teen Wolf (TV)'],['No Archive Warnings Apply'],['Derek Hale/Stiles Stilinski'],"['Derek Hale', 'Stiles Stilinski', 'Laura Hale']","['Alternate Universe - Porn', 'Possessive Behavior', 'Marking', ""Neckz 'n Throats""]","<p>""You've got a hickey on the back of your neck!"" A <i>Neckz 'n Throats</i> story.</p>",English,?,574,16132,4667,272602,2020-07-08,,
25,6177703,House Proud,['astolat'],23112,Mature,['M/M'],['Harry Potter - J. K. Rowling'],['Choose Not To Use Archive Warnings'],['Draco Malfoy/Harry Potter'],"['Harry Potter', 'Draco Malfoy', 'Hermione Granger', 'Ron Weasley', 'Kreacher (Harry Potter)', 'Horace Slughorn']","['Post-War', 'EWE', 'Grimmauld Place', 'Malfoy Manor']",<p>His house liked Draco Malfoy more than him.</p>,English,?,938,16671,5660,234488,2020-07-08,,
26,689934,Dying to Return,['StormDancer'],19869,Teen And Up Audiences,['M/M'],['Merlin (TV)'],['No Archive Warnings Apply'],"['Merlin/Arthur Pendragon (Merlin)', 'Gwen/Arthur Pendragon (Merlin)', 'Gwen/Lancelot (Merlin)']","['Merlin (Merlin)', 'Arthur Pendragon (Merlin)', 'Morgana (Merlin)', 'Gwaine (Merlin)']","['Alternate Universe - Canon Divergence', ""Gwaine's cloak is expressive"", 'Arthur is a big ball of angst', 'BAMF Merlin', 'Future Fic']","<p>When they try to hang him, he floats. </p><p>*</p><p>They put him on the pyre at dawn. </p><p>He doesn’t burn.</p>",English,?,369,16686,4016,179977,2020-07-08,,
27,187762,and stand there at the edge of my affection,['coloredink'],2683,General Audiences,['M/M'],['Sherlock (TV)'],['No Archive Warnings Apply'],['Sherlock Holmes/John Watson'],"['Sherlock Holmes', 'John Watson']","['John takes a while to catch on', 'Sherlock is logical']","<p>""You've written love letters,"" Sherlock asserted.</p><p>(<a href=""http://mtslash.com/viewthread.php?tid=21214"" rel=""nofollow"">Chinese</a>, <a href=""http://ryoucchi.wordpress.com/2014/11/09/and-stand-there-at-the-edge-of-my-affection-part-1-2/"" rel=""nofollow"">Vietnamese</a>, <a href=""http://passerbyno3.tistory.com/62"" rel=""nofollow"">Korean</a>, <a href=""http://ficbook.net/readfic/643474"" rel=""nofollow"">Russian</a>, <a href=""http://sherlockbbc.y0.pl/viewtopic.php?f=14&amp;t=692:-"" rel=""nofollow"">Polish</a>, <a href=""http://www.pixiv.net/novel/show.php?id=2785086"" rel=""nofollow"">Japanese</a>, <a href=""http://johnlockpositive.wordpress.com/2014/07/14/mimi-na-hrane-naklonnosti/"" rel=""nofollow"">Slovak</a>, and <a href=""http://www.tapuz.co.il/blog/ViewEntry.asp?EntryId=2012336"" rel=""nofollow"">Hebrew</a> translations available.)</p>",English,?,740,15962,2733,181991,2020-07-08,,
28,3206279,En Garde,['ARWitchyWoman'],330,General Audiences,['Gen'],['Harry Potter - J. K. Rowling'],['None - Warning'],['Hermione Granger/Severus Snape'],"['Severus Snape', 'Hermione Granger']",['Community: grangersnape100'],none,English,?,0,37,2,380,2020-07-08,,
29,6933958,1 romance..................................        ....... mto romantico,['Aoba_Sera'],755,Explicit,['M/M'],"['DRAMAtical Murder (Visual Novel)', 'DRAMAtical Murder - All Media Types']","['Choose Not To Use Archive Warnings', 'Graphic Depictions Of Violence', 'Major Character Death', 'No Archive Warnings Apply', 'Rape/Non-Con', 'Underage']",['Noiz/Seragaki Aoba'],"['Noiz (DRAMAtical Murder)', 'Seragaki Aoba', 'memes - Character', '!! - Character']","['Crack Fic', 'pq deus']",<p>noiz dança ate o chao e arrasta aobbbbbb para comprar roupas legais................................................................................... t amo nozi</p>,Português brasileiro,?,0,2,0,96,2020-07-08,,
30,2685485,After Hours,['OhCaptainMyCaptain'],310592,Explicit,['M/M'],"['Captain America (Movies)', 'The Avengers (Marvel Movies)']",['Underage'],"['James ""Bucky"" Barnes/Steve Rogers']","['James ""Bucky"" Barnes', 'Steve Rogers', 'Tony Stark', 'Sam Wilson (Marvel)', 'Clint Barton', 'Logan (X-Men)', 'Sharon Carter (Marvel)', 'Peggy Carter', 'Sarah Rogers', 'Maria Hill', 'Peter Parker', 'Peter Quill', 'Kitty Pryde', 'Winifred Barnes', 'George Barnes', 'Rebecca Barnes Proctor', 'Ben Grimm', 'Alexander Pierce', 'Brock Rumlow', 'Jack Rollins', 'Stephen Strange', 'Jessica Drew']","['Alternate Universe - Modern Setting', 'Alternate Universe - High School', 'Post-Serum Steve Rogers', 'Teacher-Student Relationship', 'student!bucky', 'Teacher!Steve', 'Age Difference', 'Bucky is 17', 'Sexual Tension', 'Resolved Sexual Tension', 'Seduction', 'Bucky is a persuasive little shit', 'He knows what he wants', 'Awkwardness', ""Steve's First Time With Another Guy"", 'Dirty Dancing', 'Forbidden Love', 'Anal Fingering', 'Blow Jobs', 'Face-Fucking', 'Come Swallowing', 'Hickeys', 'Anal Sex', 'Dirty Talk', 'guilty!Steve', 'Consensual Underage Sex', 'Bottom Bucky Barnes', 'Power-bottom!Bucky', 'Top Steve Rogers', 'Rimming', 'Authority!kink', 'Inexperienced!Steve', 'Experienced!Bucky', 'Spanking', 'Light Punishment Play', 'Bucky just has a HUGE thing for Authority!kink and being submissive', 'Praise Kink', 'Aftercare', 'Jealous!Steve', 'Topspace', 'Reference to Bucky/Clint', 'Explicit Sexual Discussion of Bucky/Clint', 'Fluff and Angst', 'Comfort', 'Dom Steve Rogers', 'Sub Bucky Barnes', 'Bottom Steve Rogers', 'Top Bucky Barnes', 'Kink Negotiation', 'Topping from the Bottom', 'First Time Bottoming', 'Dom/sub Undertones', 'Dom/sub Relationship But Without Those Exact Titles', 'They Discuss It Though', 'Underage Drinking', 'Inappropriate Drunk Behavior', 'Drunken Confessions', 'First Time Making Love', 'Sarah Rogers Feels', 'Canonical Character Death (Sarah Rogers - Through Reference)', 'Tiny Reference to Homophobic Violence in Ch. 5', 'Beard Burn', 'Bearded Steve Rogers', 'Orgasm Delay/Denial', 'Begging', 'S&M Shop', 'Collars', 'Multiple Orgasms', 'Light Bondage', 'Restraints', 'Phone Sex', 'WARNING FOR NSFW GIFS AT THE END OF EVERY CHAPTER', 'Double Anal Penetration', 'Blindfolds', 'Subspace', 'Anxiety Attacks', 'Vibrators', 'Spitroasting']","<p>Steve wishes Bucky wouldn’t look at him the way he does – a deliberate gaze, subtly digging his top teeth into that pouty bottom lip; following his every move like a lion watches a gazelle. It’s been going on for months, perhaps longer... Steve talks, and Bucky listens. Well, that’s the point – Bucky’s supposed to be listening. Steve’s just doing his job, after all… No harm in that.</p><p>The problem is that it’s no innocent gesture, the way Bucky will have the top of his pen tracing the outline of his mouth... It’s also not innocent at all when Steve turns to look out at the sea of heads while he’s speaking and catches the quickest glimpse of the brunet sneaking a peek at his ass. And Bucky doesn’t even pretend to be bashful about it. He just meets Steve’s eyes and smirks – just the tiniest hint of a thing.</p><p>Even bigger a problem than all that is how absolutely wrong it is. There are a million and one reasons why Bucky’s behavior is inappropriate, and why the way it makes <em>Steve</em> feel is even more inappropriate.</p><p>For starters, Steve is Bucky’s teacher.</p><p>Secondly, he’s only seventeen.</p>",English,?,1067,5702,1850,397083,2020-07-08,,
31,1319809,"The Electric Fizzing Prick Pistols, or Whatever",['whitmans_kiss'],3816,Teen And Up Audiences,['M/M'],['Harry Potter - J. K. Rowling'],['No Archive Warnings Apply'],"['Sirius Black/Remus Lupin', 'James/Lily', 'James Potter/Lily Evans Potter']","['Remus Lupin', 'Sirius Black', 'James Potter', 'Lily Evans Potter', 'Peter Pettigrew']","['Magical Realism', 'Soulmates', 'Soulmate-Identifying Marks', 'Alternate Universe - Soulmates', 'Hogwarts Era', 'Hogwarts Fifth Year', 'Hogwarts Seventh Year', 'MWPP Era', 'Community: rs_games', 'Explicit Language', 'Humor', 'Fluff and Humor']","<p>Everyone is born with Words on their arm that connect them to their Soulmate. James finds his, Sirius had everything figured out back in First Year, Peter doesn’t talk to girls anyway, and Remus thinks he’d very much just like to put his earmuffs back on and disappear.</p><p>(Written August, 2013.)</p>",English,?,376,17785,2059,165868,2020-07-08,,
32,8614135,Sooner or Later You're Gonna be Mine,['Staringback'],226117,Not Rated,['F/M'],['Undertale (Video Game)'],"['Graphic Depictions Of Violence', 'Rape/Non-Con']","['Frisk/Sans', 'More to be added when it happens', 'Asgore Dreemurr & Toriel']","['Frisk', 'Sans', 'Papyrus', 'Grillby', 'Nice Cream Vendor (Undertale)', 'Burgerpants (Undertale)', 'W. D. Gaster', 'Snowdin Residents (Undertale)', 'Mettaton', 'Asgore Dreemurr', 'Toriel', 'Undyne', 'Alphys']","['Alternate Universe - Underfell', 'Alternate Universe - Mobtale', '1920s', 'Frisk is a Sweetheart', 'Dark Sans', 'Possessive Sans', 'Abuse of Authority', 'Forced Prostitution', 'Date Rape', 'Poor Frisk', 'Adult Frisk', 'Monsters live on the Surface', 'Bara Sans', 'mafiafell', 'Emotional Manipulation', 'Pedophilia', 'Sexual Abuse']","<p>Frisk sang for a living.  She sang in clubs that were populated by mobsters, murderers and the most violent criminals her city had to offer.  She honestly thought things couldn't get any worse until corruption in the form of a grinning skeleton came strolling into her life.  His name:  Sans.  </p>
<p>She tried to run, but no matter where she went he was always waiting for her.</p>
<p> </p>
<p>Chapter 34 finally up!</p>",English,?,8416,17759,1744,432616,2020-07-08,,
33,11592432,5 Times Peter Made Tony Laugh Out Loud,['grilledcheesing'],16353,Teen And Up Audiences,['No category'],"['Spider-Man: Homecoming (2017)', 'Spider-Man - All Media Types']",['Choose Not To Use Archive Warnings'],['Peter Parker & Tony Stark'],"['Peter Parker', 'Tony Stark']","[""why can't I stop writing about these two doofuses"", ""humor with some angst cuz i'm a monster"", ""some other avengers and characters are here but i'm hesitant to flood their tags"", '5 times + 1 other time is clearly my deepest weakness', ""don't look me in the eye""]","<p>... and one time he did not. </p><p>Post Spider-Man: Homecoming — Tony is just trying his damn hardest to keep this reckless kid from Queens safe, but it's hard when Peter is, occasionally, ridiculous as all hell.</p>",English,?,1058,17766,3981,183923,2020-07-08,,
34,11575098,Have I Changed?,['katling'],141514,Teen And Up Audiences,['M/M'],"['Iron Man (Movies)', 'Marvel Cinematic Universe', 'Marvel', 'The Avengers (Marvel Movies)', 'Captain America (Movies)', 'Doctor Strange (2016)']",['Major Character Death'],"['James ""Rhodey"" Rhodes & Tony Stark', 'Tony Stark/Stephen Strange']","['James ""Rhodey"" Rhodes', 'Tony Stark', 'Vision (Marvel)', 'Stephen Strange', 'Hope Van Dyne', ""T'Challa (Marvel)"", 'Friday (Marvel)', 'Scott Lang', 'Clint Barton', 'Wanda Maximoff', 'Sam Wilson (Marvel)', 'Steve Rogers', 'Natasha Romanov (Marvel)', 'Betty Ross', 'Bruce Banner', 'Jarvis (Iron Man movies)', 'James ""Bucky"" Barnes', 'Wong (Marvel)']","['Civil War Team Iron Man', 'Not Steve Friendly', 'Not Wanda Friendly', 'not team Cap friendly', 'The Avengers were Not a Family', 'off hand comments that make Tony think', 'Swearing', 'mostly from Rhodey', ""he's getting a few things off his chest"", 'Rhodes is a good bro', 'Cynicism', 'Politics', 'International Diplomacy', 'Cloak of Levitation (Marvel)', 'unreliable narrators', 'had to change the tags', ""but don't worry"", 'Tony lives', 'So does Steve', 'he gets to face consequences', 'mostly Thor: Ragnarok compliant']","<p>
<i>I liked you more before you met the Avengers.</i>
</p><p> </p><p> </p><p> </p><p>It's an offhand comment that Tony wasn't sure he was actually meant to hear. But he did and he doesn't know what it means. Lucky for him, Rhodey's got an answer for him.</p>",English,?,2894,12141,3821,357535,2020-07-08,,
35,25075996,Harry Potter and the Philosophers Stone Rewritten,['Dxrkdelights'],21148,General Audiences,"['F/F', 'F/M', 'M/M']",['Harry Potter - J. K. Rowling'],['Choose Not To Use Archive Warnings'],"['Draco Malfoy/Harry Potter', 'Sirius Black/Remus Lupin']","['Hermione Granger', 'Harry Potter', 'Ron Weasley', 'Seamus Finnigan', 'Dean Thomas', 'Neville Longbottom', 'Draco Malfoy', 'Pansy Parkinson', 'Blaise Zabini', 'Rubeus Hagrid', 'Severus Snape', 'Minerva McGonagall', 'Albus Dumbledore', 'Lavender Brown', 'Luna Lovegood']","[""Book 1: Harry Potter and the Philosopher's Stone""]","<p>Hello. I'm re-writing the whole Harry Potter Books to be more inclusive because J K Rowling is a punk ass bitch who did the characters dirty. The Endgame Pairings are going to be the pairing tags, but if you have any more suggestions please do let me know.<br/>SO FAR:<br/>-Hermione is black<br/>-Harry is dark-skinned (not sure what ethnicity yet)<br/>-Parvati and Padma Patil's names are being changed to be more appropriate(Please Suggest!)<br/>-Deamus appreciation<br/>-Cho Chang name change because wtf Rowling(please suggest!)<br/>-Bi Disaster Harry<br/>-Snape does NOT get a redemption.<br/>- I'm thinking of changing some of the deaths so please let me know who i should kill/keep alive.</p><p> </p><p>‼️I am not the only one doing this!! There are others doing this too but we all have different ideas and ships! Please check the others out‼️</p>",English,?,15,28,5,455,2020-07-08,,
36,25156618,"Like father, like son",['Porcelainduck'],1562,Mature,['M/M'],['Harry Potter - J. K. Rowling'],['Choose Not To Use Archive Warnings'],"['Scorpius Malfoy/Albus Severus Potter', 'Draco Malfoy/Harry Potter']","['Draco Malfoy', 'Harry Potter', 'Albus Severus Potter', 'Scorpius Malfoy']",[],"<p>Maybe lying to your parents isn't the best idea... Especially when it turns out they had been lying to you too. Albus and Scorpius may well be together, but little do they know that their divorced fathers are as well.</p>",English,?,2,42,1,484,2020-07-08,,
37,6614155,Full circle,['tetsurashian'],67460,Not Rated,['M/M'],['Harry Potter - J. K. Rowling'],['Choose Not To Use Archive Warnings'],"['Harry Potter/Tom Riddle | Voldemort', 'Harry Potter/Tom Riddle']","['Harry Potter', 'Tom Riddle | Voldemort']","['Alternate Universe', 'A different kind of soulmate', 'Master of Death Harry Potter', 'Reincarnation', 'Humor', 'Crack Treated Seriously', 'Background Relationships']","<p>(aka 'how to survive endless rebirth with your so-called soulmate')</p><p>Harry and Tom’s souls are tied together. Which is why they’re in this endless loop of rebirth. </p><p>At some point, they stopped caring and just started fucking with people.</p><p>(cracky humor with a hint of seriousness and plot, my specialty)</p>",English,?,4117,19943,6101,267246,2020-07-08,,
38,19226332,A Momentary Slip,['avocadowithpep'],632,General Audiences,['Gen'],['僕のヒーローアカデミア | Boku no Hero Academia | My Hero Academia'],['No Archive Warnings Apply'],[],['Tokoyami Fumikage'],"['Drabble', 'Introspection', 'Character Study', 'Angst']",<p>Short Tokoyami POV from the night the League of Villains attacked the UA Summer Training Camp.</p>,English,?,0,12,1,73,2020-07-08,,
39,19153375,A Home at the Beginning of the World,['stereobone'],5867,Explicit,['M/M'],"['Good Omens (TV)', 'Good Omens - Neil Gaiman & Terry Pratchett']",['No Archive Warnings Apply'],['Aziraphale/Crowley (Good Omens)'],[],[],"<p>""Oh,"" Aziraphale says. ""I think Crowley might have moved in with me.""</p>",English,?,616,18922,3910,127217,2020-07-08,,
40,1227880,All Our Secrets Laid Bare,['firethesound'],149549,Explicit,['M/M'],['Harry Potter - J. K. Rowling'],['Choose Not To Use Archive Warnings'],"['Draco Malfoy/Harry Potter', 'Hermione Granger/Ron Weasley', 'Harry Potter/Original Male Character(s)']","['Draco Malfoy', 'Harry Potter', 'Ron Weasley', 'Hermione Granger', 'Original Male Character(s)', 'Original Female Character(s)', 'Lucius Malfoy', 'Narcissa Black Malfoy', 'Kingsley Shacklebolt']","['Auror Partners', 'Sexual Content', 'Wandless Magic', 'Mystery', 'Investigations', 'Magical Tattoos', 'Getting Together', 'Trapped', 'Secrets', 'Secret Relationship', 'Shower Sex', 'First Time', 'Loss of Virginity', 'Blow Jobs', 'Office Sex', 'Duelling', 'Falling In Love', 'Hats', 'Glasses', 'Curry', 'Tea', 'Bars and Pubs', 'Hoodies']","<p>Over the six years Draco Malfoy has been an Auror, four of his partners have turned up dead. Harry Potter is assigned as his newest partner to investigate just what is going on.</p>",English,?,2550,21747,6914,422273,2020-07-08,,
41,25057693,Ten Thousand Volts,['Deku_Your_Local_Quirk_Provider'],633,Teen And Up Audiences,['Other'],['僕のヒーローアカデミア | Boku no Hero Academia | My Hero Academia'],['Choose Not To Use Archive Warnings'],[],['Kaminari Denki'],"['Villain Kaminari Denki', 'Villains', 'Heroes to Villains', 'League of Villains as Family (My Hero Academia)']",<p>Denki was sick and tired of how his “friends” treated him when he short circuited. In this fic Denki frying his brain hurts a lot and that’s what I based it on. It’s a one shot but I may add more chaps if people like it.</p>,English,?,3,18,2,144,2020-07-08,,
42,12006417,survival is a talent,['ShanaStoryteller'],353015,Teen And Up Audiences,"['Gen', 'M/M']",['Harry Potter - J. K. Rowling'],['Choose Not To Use Archive Warnings'],['Draco Malfoy/Harry Potter'],"['Harry Potter', 'Draco Malfoy', 'Ron Weasley', 'Hermione Granger', 'Blaise Zabini', 'Millicent Bulstrode', 'Lucius Malfoy', 'Narcissa Black Malfoy', 'Ginny Weasley', 'Remus Lupin', 'Sirius Black']","['Soulmate AU', 'Indian Harry Potter', 'Black Hermione Granger', ""canon? i don't know her"", 'Slow Build', 'Lucius Malfoy is a bad person but a good father', 'Parselmouth Harry Potter', 'Smart Draco Malfoy', ""I'm offended that's a tag OF COURSE he's smart"", 'sometimes bad things happen', ""but this fic isn't out to hurt you"", 'Secret Relationship', 'Slytherins and Gryffindors being reluctant friends', 'Plotty', 'suprising lack of focus on soulmates for a soulmate au']","<p>In the middle of their second year, Draco and Harry discover they're soulmates and do their best to keep it a secret from everyone. </p><p>Their best isn't perfect. </p><p>~</p><p>“Are you trying to get killed, Potter?” Malfoy drawls, stalking forward. Quick as a serpent himself, he reaches out and grabs the snake just below the head. It thrashes in his grip, but is no longer able to bite anyone. “This is a poisonous snake, and I doubt anyone brought a bezoar with them.” </p><p>Harry glares. He opens his mouth, and feels the beginning the snake’s language pass his lips, and this isn’t what he wants, what’s the point of insulting Malfoy if he can’t understand him – </p><p>Malfoy’s eyes widen. He slaps his hand over Harry’s mouth, “Potter, what the hell–”</p><p>~</p><p>(Now with a <a href=""http://tvtropes.org/pmwiki/pmwiki.php/Fanfic/SurvivalIsATalent"" rel=""nofollow"">TV Tropes page</a>!)</p>",English,?,7453,23445,7574,468572,2020-07-08,,
43,14400372,A Study in Love,['bumbleholmes'],2758,General Audiences,['M/M'],"['Sherlock Holmes & Related Fandoms', 'Sherlock Holmes - Arthur Conan Doyle']",['No Archive Warnings Apply'],"['Sherlock Holmes/John Watson', 'Sherlock Holmes & John Watson']","['Sherlock Holmes', 'John Watson', ""John Watson's Unnamed Wife""]","['Research', 'Fanwork Research & Reference Guides', 'History', 'Research Paper', 'Queer History', 'Queer Themes', 'Canon Queer Character', 'Arthur Conan Doyle Canon References', '(its all acd)', 'Nonfiction', '(abt fiction)', 'Oscar Wilde References', 'Oscar Wilde - Freeform', 'LGBTQ Themes', 'LGBTQ Character', 'External Source']","<p>A couple months ago, I was asked to write a research paper for one of my final grades in my last English course of public school. We were asked to choose a Victorian-era English novel; my teacher gave us a list, but naturally, I asked specifically for something else.</p>
<p>As the tags say, 'A Study in Love' delves deep into the original homo-romantic subtext, queer history references and ties, and true love demonstrated within ACD's classic tales. This is their story.</p>",English,?,5,36,5,405,2020-07-08,,
44,11341611,Selfless,['Castiell'],59692,Not Rated,['No category'],['Be More Chill - Iconis/Tracz'],['Choose Not To Use Archive Warnings'],"['Jeremy Heere/Michael Mell', 'Jeremy Heere & Michael Mell', 'Jake Dillinger & Rich Goranski', 'Jake Dillinger/Rich Goranski', 'Jake Dillinger & Michael Mell', 'Jake Dillinger/Michael Mell', 'Jake Dillinger/Michael Mell (fake relationship)', 'Christine Canigula & Jeremy Heere', 'Prep Game']","['Jeremy Heere', 'Rich Goranski', 'Christine Canigula', 'Jake Dillinger', 'Michael Mell', 'Chloe Valentine', 'Brooke Lohst']","['Fake Relationship', 'Gay', 'gay angst', 'Fake Dating', 'Loneliness', 'Jealousy', 'Pining', 'More tags to be added', 'please read i crave validation', 'Fluff', 'Tooth Rotting Fluff', 'hopefully', 'this might be', 'slightly slowburn', 'forgive me for i am truly trying', 'Obliviousness', ""Guess who's still bad at tags"", 'its me', 'E m o t i o n', 'K thats all i got', 'One-sided pining', 'One-Sided Attraction']","<p>“What I’m wondering is...How can you know? How can you know you’re into guys if you’ve never been with one?” </p><p>His dad’s face wasn’t mean spirited, he wasn’t trying to mock Jake’s words and yet Jake was completely thrown off guard. Panic tightened his throat as he struggled to find a way to articulate an answer. A voice that sounded very similar to Angelina Jolie hissed, What if he’s right? What if you’re just making things up again for attention? The words echoed the same ones he had overheard the doctor say to his parents after they conducted a mental exam and everything had turned out to be fine.<br/>No, no. The Squip had been real and he wasn’t lying about his sexuality. So how could he convince his dad, who was expectantly waiting for an answer Jake didn’t have? </p><p>Jake’s usual smooth words and manner were infuriatingly absent. “It’s not a-a test trial. I do know I’m in-into guys because-because-”<br/>“Because what, Jake?”<br/>“Because I’m in a relationship with one!” He blurted out, much to the surprise of both himself and his dad. </p><p>...</p><p>“His name is uh-” Jake’s gaze darted around frantically, landing on a sole figure standing off to the side “-Michael! His name is Michael Mell.”</p>",English,?,875,1665,230,15728,2020-07-08,,
45,11559480,We'll Fall Together,['DeadlyMidnightshade'],68357,Explicit,"['M/M', 'F/F', 'F/M']","['Dear Evan Hansen - Pasek & Paul/Levenson', 'Be More Chill - Iconis/Tracz']",['Choose Not To Use Archive Warnings'],"['Evan Hansen/Connor Murphy', 'Alana Beck/Zoe Murphy', 'Jeremy Heere/Michael Mell', ""Heidi Hansen/Jeremy's Dad (Be More Chill)""]","['Evan Hansen', 'Connor Murphy (Dear Evan Hansen)', 'Zoe Murphy', 'Cynthia Murphy', 'Larry Murphy', 'Heidi Hansen', 'Jared Kleinman', 'Alana Beck', 'Michael Mell', 'Jeremy Heere', ""Jeremy's Dad (Be More Chill)""]","['Friends to Lovers', 'Tree Bros', 'Light Angst', 'this fandom has enough angst', 'Fluff', 'Larry is still a dick', 'Heidi is a good mom', 'Jared is a jerk', 'He gets better', 'Zoe is a jerk', 'she gets better', 'smut in later chapters', 'Implied/Referenced Self-Harm', 'Past Suicide Attempts', 'Drug Use', ""It's weed"", 'Alternate Universe - Everyone Lives/Nobody Dies', ""I can't write slow burn for shit"", 'Blow Jobs', 'Hand Jobs', 'Past Relationship(s)', 'Past Sexual Abuse', 'Protective Evan', 'Protective Connor', 'Past Child Abuse', 'Smut', 'Praise Kink', 'Hair-pulling', 'Biting', 'Switching', ""Evan's a Slytherin"", 'fight me', 'Jeremy and Michael come in later', ""Jeremy's dad's name is Joseph in this"", 'This is going Step bros', 'Fanart']","<p>If there was anything Evan expected out of this school year, it wasn't to befriend Connor Murphy. If there was another thing he didn't expect, it was for them to end up dating.</p>",English,?,350,1718,213,31400,2020-07-08,,
46,16300139,The Silent Game,['90eyes'],633,Teen And Up Audiences,['Gen'],['僕のヒーローアカデミア | Boku no Hero Academia | My Hero Academia'],['Choose Not To Use Archive Warnings'],[],"['Bakugou Katsuki', 'Kodai Yui']","['Bakugou Katsuki Swears A Lot', 'Rare Pairings']","<p>In which Bakugou meets someone from 1B, who would rather stay in the background.</p>",English,?,1,12,3,415,2020-07-08,,
47,1609838,All The Leaves Are Brown (And the sky is gray),['AvocadoLove'],17424,Teen And Up Audiences,"['Gen', 'M/M']","['Captain America (Movies)', 'The Avengers (Marvel Movies)', 'The Avengers (Marvel) - All Media Types', 'Iron Man (Movies)', 'Iron Man - All Media Types']",['Graphic Depictions Of Violence'],"['James ""Bucky"" Barnes & Tony Stark', 'James ""Bucky"" Barnes/Steve Rogers', 'Pepper Potts/Tony Stark']","['James ""Bucky"" Barnes', 'Tony Stark', 'Steve Rogers', 'Howard Stark', 'Pepper Potts']","['Kid Fic', 'Kidnapping', 'Parent Bucky Barnes', ""Howard Stark's Bad Parenting"", 'Alternate Universe - Canon Divergence', 'Kid Tony Stark', 'Kid Tony']","<p>The Winter Soldier's mission is nearly complete. Howard and Maria Stark are dead, leaving him to dispatch their four-year-old child. One quick twist of the neck is all it will take, but the Soldier finds he cannot do it.</p><p>So instead of killing Tony Stark, the Winter Soldier takes him away to raise as his own.</p>",English,?,1071,17848,5669,233301,2020-07-08,,
48,19055863,i'd like for you and i to go romancing,['dollsome'],6748,Teen And Up Audiences,['M/M'],['Good Omens (TV)'],['No Archive Warnings Apply'],['Aziraphale/Crowley (Good Omens)'],[],[],"<p>In which people keep mistaking Crowley and Aziraphale for a couple, and Aziraphale starts to wonder if there might be something to it.</p>",English,?,2499,21625,4309,138936,2020-07-08,,
49,411599,The Twice-Told Tale,['arysteia'],15789,Explicit,['M/M'],"['The Avengers (2012)', 'Iron Man (Movies)', 'Captain America (Movies)']",['No Archive Warnings Apply'],['Steve Rogers/Tony Stark'],"['Steve Rogers', 'Tony Stark', 'Howard Stark']",[],"<p>For someone he'd hero-worshipped for so long, Steve Rogers in the flesh is a pretty big disappointment.  For one thing, he keeps looking at Tony as though he reminds him of someone else, and even if he never says anything, Tony's pretty sure it's his father.  A lifetime of not measuring up to Howard's expectations is more than enough, thank you very much, and he's certainly not going to make an effort to live up to any of Steve's.  Steve's pretty clearly failed to live up to <i>his</i> expectations, in any case, and that's not hypocritical at <i>all</i>.</p>",English,?,763,23884,6863,393190,2020-07-08,,
50,485218,Storm in a Teacup,['Faith Wood (faithwood)'],7954,Mature,['M/M'],['Harry Potter - J. K. Rowling'],['No Archive Warnings Apply'],['Draco Malfoy/Harry Potter'],['Draco Malfoy'],"['Hogwarts Eighth Year', 'Humor', 'Romance', 'Fluff']","<p>For reasons he'd rather not think about, Draco is obsessed with Potter's hair. This cannot end well.</p>",English,?,368,24959,4094,252211,2020-07-08,,
51,10998828,"count your blessings, not your flaws",['PitViperOfDoom'],7457,Teen And Up Audiences,['M/M'],['僕のヒーローアカデミア | Boku no Hero Academia | My Hero Academia'],['No Archive Warnings Apply'],['Midoriya Izuku/Todoroki Shouto'],"['Midoriya Izuku', 'Todoroki Shouto', 'Uraraka Ochako', 'Iida Tenya', 'Yaoyorozu Momo', 'Asui Tsuyu', 'Sero Hanta', 'Class 1-A (My Hero Academia)', 'Yagi Toshinori | All Might']","['Misunderstandings', 'Bullying', 'Angst with a Happy Ending', 'Love Confessions', 'Emotional Hurt/Comfort', 'Mutual Pining', ""Usually Todoroki's the one whose past gets in the way of his happiness"", ""but now it's Midoriya's turn"", ""Good thing Class 1A has each other's backs""]","<p>Midoriya Izuku has never been asked out, confessed to, or flirted with, except as a joke.</p>",English,?,938,31507,5984,205538,2020-07-08,,
52,25156351,"So no sorrow, no (I cannot wait to see you)",['PersonyPepper'],1409,Teen And Up Audiences,['M/M'],['Wiedźmin | The Witcher - All Media Types'],"['Choose Not To Use Archive Warnings', 'No Archive Warnings Apply']",['Geralt z Rivii | Geralt of Rivia/Jaskier | Dandelion'],"['Geralt z Rivii | Geralt of Rivia', 'Jaskier | Dandelion', 'Roach (The Witcher)']","['Jaskier | Dandelion Loves Geralt z Rivii | Geralt of Rivia', 'Geralt z Rivii | Geralt of Rivia Loves Jaskier | Dandelion', 'Roach is So Done (The Witcher)', 'geralt wears makeup', 'and he loves it', 'Fluff', 'Light Angst', 'because jaskier be like that', 'Roach is the Best (The Witcher)', 'Established Relationship']","<p>The bard unclasps the pouch, a vial of moisturizer (scented far too strongly, he doesn’t use it around Geralt anymore), two brushes, a small jar of rouge, and another of kan-mai glint in the sun and oh Melitele, Jaskier feels like a very, very naughty boy as he opens the jar of rouge. </p><p>Geralt doesn’t fucking twitch as Jaskier drags the the brush over his slightly chapped lips, his strokes fluid motions as he paints his witcher’s lips red. He’s careful to not miss a spot and not to make a mess of it, either as he goes over parted (slightly slobbery) lips. He dabs the rouge onto Geralt’s cheekbones, just a hint of a shy blush before he sits back on his knees, entirely satisfied.</p><p>Fuck <i>him</i>, Geralt looks petty.</p>",English,?,10,68,2,345,2020-07-08,,
